Wall time,Step,Value
1545580100.566929,0,0.6907894611358643
1545580130.9172263,1,0.875
1545580169.0714846,2,0.90625
1545580203.3154418,3,0.9161184430122375
1545580236.23737,4,0.9037162065505981
1545580268.9814458,5,0.9407894611358643
1545580302.4223456,6,0.9292762875556946
1545580334.9525163,7,0.9243420958518982
1545580365.5437498,8,0.9425675868988037
1545580404.6418111,9,0.9424341917037964
